game_id,week,gameday,away_team,home_team,away_score,home_score,margine,punti,spread_line,total_line,vento_prev,vento_reg,ats,ou,season
2026_03_ATL_GB,3,2026-09-24,ATL,GB,35.0,14.0,-21.0,49.0,6.0,44.5,4.533333333333333,0,dog,over,2026
2026_03_LAC_BUF,3,2026-09-27,LAC,BUF,16.0,24.0,8.0,40.0,7.0,50.5,9.866666666666667,0,fav,under,2026
2026_03_CAR_CLE,3,2026-09-27,CAR,CLE,18.0,21.0,3.0,39.0,-2.5,42.5,6.8999999999999995,0,dog,under,2026
2026_03_NYJ_DET,3,2026-09-27,NYJ,DET,24.0,31.0,7.0,55.0,6.5,48.5,,0,fav,over,2026
2026_03_HOU_IND,3,2026-09-27,HOU,IND,17.0,19.0,2.0,36.0,-2.5,43.5,,0,dog,under,2026
2026_03_NE_JAX,3,2026-09-27,NE,JAX,6.0,35.0,29.0,41.0,3.0,45.5,7.133333333333333,0,fav,under,2026
2026_03_KC_MIA,3,2026-09-27,KC,MIA,24.0,10.0,-14.0,34.0,-11.5,45.5,8.433333333333332,0,fav,under,2026
2026_03_TEN_NYG,3,2026-09-27,TEN,NYG,7.0,12.0,5.0,19.0,3.5,40.5,8.366666666666667,0,fav,under,2026
2026_03_CIN_PIT,3,2026-09-27,CIN,PIT,27.0,30.0,3.0,57.0,-3.5,42.5,5.8,0,dog,over,2026
2026_03_SEA_WAS,3,2026-09-27,SEA,WAS,31.0,33.0,2.0,64.0,-7.0,40.5,11.633333333333333,1,dog,over,2026
2026_03_ARI_SF,3,2026-09-27,ARI,SF,30.0,36.0,6.0,66.0,8.5,47.5,11.6,1,dog,over,2026
2026_03_MIN_TB,3,2026-09-27,MIN,TB,23.0,16.0,-7.0,39.0,-1.5,42.5,5.5,0,fav,under,2026
2026_03_BAL_DAL,3,2026-09-27,BAL,DAL,34.0,31.0,-3.0,65.0,-3.0,52.5,,0,push,over,2026
2026_03_LV_NO,3,2026-09-27,LV,NO,35.0,27.0,-8.0,62.0,3.0,43.5,,0,dog,over,2026
2026_03_LA_DEN,3,2026-09-27,LA,DEN,26.0,30.0,4.0,56.0,-2.5,45.5,11.1,1,dog,over,2026
2026_03_PHI_CHI,3,2026-09-28,PHI,CHI,7.0,27.0,20.0,34.0,-3.0,44.5,5.366666666666667,0,dog,under,2026
