game_id,season,week,gameday,kickoff_et,away,home,stadium,roof,neutral,vento_prev,origine_prev,ore_prima,total_line,under_dec,punti_reali,esito,profitto,regola,stato,nota,scritta_il
2026_01_NE_SEA,2026,1,2026-09-09,2026-09-09 20:20:00,NE,SEA,Lumen Field,outdoors,False,4.2,archivio,,44.5,1.893,23.0,under,,False,conclusa,,2026-10-04 21:30
2026_01_CHI_CAR,2026,1,2026-09-13,2026-09-13 13:00:00,CHI,CAR,Bank of America Stadium,outdoors,False,2.2,archivio,,47.5,1.87,96.0,over,,False,conclusa,,2026-10-04 21:30
2026_01_TB_CIN,2026,1,2026-09-13,2026-09-13 13:00:00,TB,CIN,Paycor Stadium,outdoors,False,7.0,archivio,,50.5,1.893,60.0,over,,False,conclusa,,2026-10-04 21:30
2026_01_CLE_JAX,2026,1,2026-09-13,2026-09-13 13:00:00,CLE,JAX,EverBank Stadium,outdoors,False,6.0,archivio,,40.5,1.847,44.0,over,,False,conclusa,,2026-10-04 21:30
2026_01_ATL_PIT,2026,1,2026-09-13,2026-09-13 13:00:00,ATL,PIT,Acrisure Stadium,outdoors,False,5.3,archivio,,40.5,1.926,33.0,under,,False,conclusa,,2026-10-04 21:30
2026_01_NYJ_TEN,2026,1,2026-09-13,2026-09-13 13:00:00,NYJ,TEN,Nissan Stadium,outdoors,False,3.0,archivio,,39.5,1.909,33.0,under,,False,conclusa,,2026-10-04 21:30
2026_01_WAS_PHI,2026,1,2026-09-13,2026-09-13 16:25:00,WAS,PHI,Lincoln Financial Field,outdoors,False,3.0,archivio,,43.5,1.952,46.0,over,,False,conclusa,,2026-10-04 21:30
2026_01_DAL_NYG,2026,1,2026-09-13,2026-09-13 20:20:00,DAL,NYG,MetLife Stadium,outdoors,False,2.4,archivio,,47.5,1.952,48.0,over,,False,conclusa,,2026-10-04 21:30
2026_01_DEN_KC,2026,1,2026-09-14,2026-09-14 20:15:00,DEN,KC,GEHA Field at Arrowhead Stadium,outdoors,False,11.4,archivio,,42.5,1.909,41.0,under,0.909,True,conclusa,,2026-10-04 21:30
2026_02_DET_BUF,2026,2,2026-09-17,2026-09-17 20:15:00,DET,BUF,Highmark Stadium,outdoors,False,2.5,archivio,,54.5,1.98,72.0,over,,False,conclusa,,2026-10-04 21:30
2026_02_PIT_NE,2026,2,2026-09-20,2026-09-20 13:00:00,PIT,NE,Gillette Stadium,outdoors,False,5.8,archivio,,41.5,1.87,23.0,under,,False,conclusa,,2026-10-04 21:30
2026_02_NO_BAL,2026,2,2026-09-20,2026-09-20 13:00:00,NO,BAL,M&T Bank Stadium,outdoors,False,4.4,archivio,,45.5,1.87,41.0,under,,False,conclusa,,2026-10-04 21:30
2026_02_MIN_CHI,2026,2,2026-09-20,2026-09-20 13:00:00,MIN,CHI,Soldier Field,outdoors,False,7.8,archivio,,46.5,1.952,12.0,under,,False,conclusa,,2026-10-04 21:30
2026_02_CLE_TB,2026,2,2026-09-20,2026-09-20 13:00:00,CLE,TB,Raymond James Stadium,outdoors,False,2.4,archivio,,41.5,1.893,42.0,over,,False,conclusa,,2026-10-04 21:30
2026_02_PHI_TEN,2026,2,2026-09-20,2026-09-20 13:00:00,PHI,TEN,Nissan Stadium,outdoors,False,4.0,archivio,,39.5,1.926,44.0,over,,False,conclusa,,2026-10-04 21:30
2026_02_GB_NYJ,2026,2,2026-09-20,2026-09-20 13:00:00,GB,NYJ,MetLife Stadium,outdoors,False,6.7,archivio,,44.5,1.909,37.0,under,,False,conclusa,,2026-10-04 21:30
2026_02_JAX_DEN,2026,2,2026-09-20,2026-09-20 16:05:00,JAX,DEN,Empower Field at Mile High,outdoors,False,6.9,archivio,,45.5,1.909,33.0,under,,False,conclusa,,2026-10-04 21:30
2026_02_MIA_SF,2026,2,2026-09-20,2026-09-20 16:25:00,MIA,SF,Levi's Stadium,outdoors,False,8.6,archivio,,44.5,1.952,48.0,over,,False,conclusa,,2026-10-04 21:30
2026_02_IND_KC,2026,2,2026-09-20,2026-09-20 20:20:00,IND,KC,GEHA Field at Arrowhead Stadium,outdoors,False,5.7,archivio,,46.5,1.847,63.0,over,,False,conclusa,,2026-10-04 21:30
2026_03_ATL_GB,2026,3,2026-09-24,2026-09-24 20:15:00,ATL,GB,Lambeau Field,outdoors,False,4.5,fotografia,,43.5,1.847,49.0,over,,False,conclusa,,2026-10-04 21:30
2026_03_LAC_BUF,2026,3,2026-09-27,2026-09-27 13:00:00,LAC,BUF,Highmark Stadium,outdoors,False,9.9,fotografia,,50.5,1.87,40.0,under,,False,conclusa,,2026-10-04 21:30
2026_03_NE_JAX,2026,3,2026-09-27,2026-09-27 13:00:00,NE,JAX,EverBank Stadium,outdoors,False,7.1,fotografia,,46.5,1.909,41.0,under,,False,conclusa,,2026-10-04 21:30
2026_03_CAR_CLE,2026,3,2026-09-27,2026-09-27 13:00:00,CAR,CLE,Huntington Bank Field,outdoors,False,6.9,fotografia,,41.5,1.952,39.0,under,,False,conclusa,,2026-10-04 21:30
2026_03_HOU_IND,2026,3,2026-09-27,2026-09-27 13:00:00,HOU,IND,Lucas Oil Stadium,open,False,2.4,fotografia,,41.5,1.952,36.0,under,,False,conclusa,,2026-10-04 21:30
2026_03_TEN_NYG,2026,3,2026-09-27,2026-09-27 13:00:00,TEN,NYG,MetLife Stadium,outdoors,False,8.4,fotografia,,37.5,1.926,19.0,under,,False,conclusa,,2026-10-04 21:30
2026_03_SEA_WAS,2026,3,2026-09-27,2026-09-27 13:00:00,SEA,WAS,Northwest Stadium,outdoors,False,11.6,fotografia,,40.5,1.893,64.0,over,-1.0,True,conclusa,,2026-10-04 21:30
2026_03_CIN_PIT,2026,3,2026-09-27,2026-09-27 13:00:00,CIN,PIT,Acrisure Stadium,outdoors,False,5.8,fotografia,,42.5,1.926,57.0,over,,False,conclusa,,2026-10-04 21:30
2026_03_KC_MIA,2026,3,2026-09-27,2026-09-27 13:00:00,KC,MIA,Hard Rock Stadium,outdoors,False,8.4,fotografia,,45.5,1.87,34.0,under,,False,conclusa,,2026-10-04 21:30
2026_03_ARI_SF,2026,3,2026-09-27,2026-09-27 16:05:00,ARI,SF,Levi's Stadium,outdoors,False,11.6,fotografia,,48.5,1.926,66.0,over,-1.0,True,conclusa,,2026-10-04 21:30
2026_03_MIN_TB,2026,3,2026-09-27,2026-09-27 16:05:00,MIN,TB,Raymond James Stadium,outdoors,False,5.5,fotografia,,42.5,1.926,39.0,under,,False,conclusa,,2026-10-04 21:30
2026_03_BAL_DAL,2026,3,2026-09-27,2026-09-27 16:25:00,BAL,DAL,Maracana Stadium,open,True,,n.d.,,53.5,2.0,65.0,over,,False,conclusa,campo neutro: fuori dal conteggio,2026-10-04 21:30
2026_03_LA_DEN,2026,3,2026-09-27,2026-09-27 20:20:00,LA,DEN,Empower Field at Mile High,outdoors,False,11.1,fotografia,,43.5,1.952,56.0,over,-1.0,True,conclusa,,2026-10-04 21:30
2026_03_PHI_CHI,2026,3,2026-09-28,2026-09-28 20:15:00,PHI,CHI,Soldier Field,outdoors,False,5.4,fotografia,,42.5,1.893,34.0,under,,False,conclusa,,2026-10-04 21:30
2026_04_PIT_CLE,2026,4,2026-10-01,2026-10-01 20:15:00,PIT,CLE,Huntington Bank Field,outdoors,False,10.6,archivio,,38.5,1.87,51.0,over,,False,conclusa,,2026-10-04 21:30
2026_04_IND_WAS,2026,4,2026-10-04,2026-10-04 09:30:00,IND,WAS,Tottenham Hotspur Stadium,outdoors,True,,n.d.,,46.5,1.893,43.0,under,,False,conclusa,campo neutro: fuori dal conteggio,2026-10-04 21:30
2026_04_GB_TB,2026,4,2026-10-04,2026-10-04 13:00:00,GB,TB,Raymond James Stadium,outdoors,False,1.6,archivio,-1.0,38.5,1.952,31.0,under,,False,conclusa,,2026-10-04 21:30
2026_04_JAX_CIN,2026,4,2026-10-04,2026-10-04 13:00:00,JAX,CIN,Paycor Stadium,outdoors,False,3.1,archivio,-1.0,51.5,1.909,39.0,under,,False,conclusa,,2026-10-04 21:30
2026_04_NYJ_CHI,2026,4,2026-10-04,2026-10-04 13:00:00,NYJ,CHI,Soldier Field,outdoors,False,7.3,archivio,-1.0,43.5,1.909,35.0,under,,False,conclusa,,2026-10-04 21:30
2026_04_TEN_BAL,2026,4,2026-10-04,2026-10-04 13:00:00,TEN,BAL,M&T Bank Stadium,outdoors,False,5.8,archivio,-1.0,42.5,1.87,42.0,under,,False,conclusa,,2026-10-04 21:30
2026_04_NE_BUF,2026,4,2026-10-04,2026-10-04 13:00:00,NE,BUF,Highmark Stadium,outdoors,False,11.4,archivio,-1.0,49.5,1.893,55.0,over,-1.0,True,conclusa,,2026-10-04 21:30
2026_04_LA_PHI,2026,4,2026-10-04,2026-10-04 13:00:00,LA,PHI,Lincoln Financial Field,outdoors,False,9.1,archivio,-1.0,42.5,2.0,44.0,over,,False,conclusa,,2026-10-04 21:30
2026_04_ARI_NYG,2026,4,2026-10-04,2026-10-04 13:00:00,ARI,NYG,MetLife Stadium,outdoors,False,7.0,archivio,-1.0,44.5,1.87,60.0,over,,False,conclusa,,2026-10-04 21:30
2026_04_LAC_SEA,2026,4,2026-10-04,2026-10-04 16:25:00,LAC,SEA,Lumen Field,outdoors,False,3.5,live,0.8,42.5,1.98,53.0,over,,False,conclusa,,2026-10-04 21:30
2026_04_DEN_SF,2026,4,2026-10-04,2026-10-04 16:25:00,DEN,SF,Levi's Stadium,outdoors,False,6.9,live,0.8,48.5,1.87,38.0,under,,False,conclusa,,2026-10-04 21:30
2026_04_DET_CAR,2026,4,2026-10-04,2026-10-04 20:20:00,DET,CAR,Bank of America Stadium,outdoors,False,1.6,live,4.7,52.5,1.87,58.0,over,,False,conclusa,,2026-10-04 21:30
2026_05_TB_DAL,2026,5,2026-10-08,2026-10-08 20:15:00,TB,DAL,AT&T Stadium,,False,4.0,fotografia,34.0,47.5,1.952,,,,False,in attesa,tetto da confermare,2026-10-04 21:30
2026_05_PHI_JAX,2026,5,2026-10-11,2026-10-11 09:30:00,PHI,JAX,Tottenham Hotspur Stadium,outdoors,False,7.3,fotografia,95.3,41.5,1.926,,,,False,in attesa,,2026-10-04 21:30
2026_05_CIN_MIA,2026,5,2026-10-11,2026-10-11 13:00:00,CIN,MIA,Hard Rock Stadium,outdoors,False,11.3,fotografia,98.8,42.5,1.909,,,,True,in attesa,,2026-10-04 21:30
2026_05_CHI_GB,2026,5,2026-10-11,2026-10-11 13:00:00,CHI,GB,Lambeau Field,outdoors,False,15.7,fotografia,98.8,45.5,1.98,,,,True,in attesa,,2026-10-04 21:30
2026_05_NYG_WAS,2026,5,2026-10-11,2026-10-11 13:00:00,NYG,WAS,Northwest Stadium,outdoors,False,6.4,fotografia,98.8,42.5,1.87,,,,False,in attesa,,2026-10-04 21:30
2026_05_LV_NE,2026,5,2026-10-11,2026-10-11 13:00:00,LV,NE,Gillette Stadium,outdoors,False,7.6,fotografia,98.8,45.5,1.87,,,,False,in attesa,,2026-10-04 21:30
2026_05_HOU_TEN,2026,5,2026-10-11,2026-10-11 13:00:00,HOU,TEN,Nissan Stadium,outdoors,False,9.8,fotografia,98.8,37.5,1.893,,,,False,in attesa,,2026-10-04 21:30
2026_05_IND_PIT,2026,5,2026-10-11,2026-10-11 13:00:00,IND,PIT,Acrisure Stadium,outdoors,False,7.2,fotografia,98.8,44.5,1.926,,,,False,in attesa,,2026-10-04 21:30
2026_05_CLE_NYJ,2026,5,2026-10-11,2026-10-11 13:00:00,CLE,NYJ,MetLife Stadium,outdoors,False,7.5,fotografia,98.8,39.5,1.98,,,,False,in attesa,,2026-10-04 21:30
2026_05_DET_ARI,2026,5,2026-10-11,2026-10-11 16:25:00,DET,ARI,State Farm Stadium,,False,17.4,fotografia,102.2,54.5,1.952,,,,False,in attesa,tetto da confermare,2026-10-04 21:30
2026_05_SF_SEA,2026,5,2026-10-11,2026-10-11 16:25:00,SF,SEA,Lumen Field,outdoors,False,8.1,fotografia,102.2,45.5,1.952,,,,False,in attesa,,2026-10-04 21:30
2026_05_BAL_ATL,2026,5,2026-10-11,2026-10-11 20:20:00,BAL,ATL,Mercedes-Benz Stadium,,False,7.6,fotografia,106.1,43.5,1.952,,,,False,in attesa,tetto da confermare,2026-10-04 21:30
2026_06_SEA_DEN,2026,6,2026-10-15,2026-10-15 20:15:00,SEA,DEN,Empower Field at Mile High,outdoors,False,12.8,live,180.2,42.5,1.909,,,,True,in attesa,,2026-10-04 21:30
2026_06_HOU_JAX,2026,6,2026-10-18,2026-10-18 09:30:00,HOU,JAX,Wembley Stadium,outdoors,True,,n.d.,,43.5,1.909,,,,False,in attesa,campo neutro: fuori dal conteggio,2026-10-04 21:30
2026_06_TEN_IND,2026,6,2026-10-18,2026-10-18 13:00:00,TEN,IND,Lucas Oil Stadium,,False,8.3,live,244.9,44.5,1.909,,,,False,in attesa,tetto da confermare,2026-10-04 21:30
2026_06_BAL_CLE,2026,6,2026-10-18,2026-10-18 13:00:00,BAL,CLE,Huntington Bank Field,outdoors,False,3.0,live,244.9,40.5,1.909,,,,False,in attesa,,2026-10-04 21:30
2026_06_CAR_PHI,2026,6,2026-10-18,2026-10-18 13:00:00,CAR,PHI,Lincoln Financial Field,outdoors,False,5.4,live,244.9,43.5,1.952,,,,False,in attesa,,2026-10-04 21:30
2026_06_CHI_ATL,2026,6,2026-10-18,2026-10-18 13:00:00,CHI,ATL,Mercedes-Benz Stadium,,False,13.4,live,244.9,47.5,1.909,,,,False,in attesa,tetto da confermare,2026-10-04 21:30
2026_06_NO_NYG,2026,6,2026-10-18,2026-10-18 13:00:00,NO,NYG,MetLife Stadium,outdoors,False,6.0,live,244.9,45.5,1.909,,,,False,in attesa,,2026-10-04 21:30
2026_06_PIT_TB,2026,6,2026-10-18,2026-10-18 13:00:00,PIT,TB,Raymond James Stadium,outdoors,False,19.8,live,244.9,39.5,1.909,,,,True,in attesa,,2026-10-04 21:30
2026_06_NYJ_NE,2026,6,2026-10-18,2026-10-18 13:00:00,NYJ,NE,Gillette Stadium,outdoors,False,7.4,live,244.9,43.5,1.952,,,,False,in attesa,,2026-10-04 21:30
2026_06_LAC_KC,2026,6,2026-10-18,2026-10-18 16:25:00,LAC,KC,GEHA Field at Arrowhead Stadium,outdoors,False,7.7,live,248.3,45.5,1.909,,,,False,in attesa,,2026-10-04 21:30
2026_06_DAL_GB,2026,6,2026-10-18,2026-10-18 20:20:00,DAL,GB,Lambeau Field,outdoors,False,7.2,live,252.3,50.5,1.909,,,,False,in attesa,,2026-10-04 21:30
2026_06_WAS_SF,2026,6,2026-10-19,2026-10-19 20:15:00,WAS,SF,Levi's Stadium,outdoors,False,7.7,live,276.2,50.5,1.909,,,,False,in attesa,,2026-10-04 21:30
2026_07_NE_CHI,2026,7,2026-10-22,2026-10-22 20:15:00,NE,CHI,Soldier Field,outdoors,False,17.2,live,348.2,,,,,,True,in attesa,,2026-10-04 21:30
2026_07_SF_ATL,2026,7,2026-10-25,2026-10-25 13:00:00,SF,ATL,Mercedes-Benz Stadium,,False,,live,412.9,,,,,,False,in attesa,previsione mancante: non valutabile,2026-10-04 21:30
2026_07_CIN_BAL,2026,7,2026-10-25,2026-10-25 13:00:00,CIN,BAL,M&T Bank Stadium,outdoors,False,,n.d.,,,,,,,False,in attesa,previsione mancante: non valutabile,2026-10-04 21:30
2026_07_TB_CAR,2026,7,2026-10-25,2026-10-25 13:00:00,TB,CAR,Bank of America Stadium,outdoors,False,,n.d.,,,,,,,False,in attesa,previsione mancante: non valutabile,2026-10-04 21:30
2026_07_NYG_HOU,2026,7,2026-10-25,2026-10-25 13:00:00,NYG,HOU,Reliant Stadium,,False,,live,412.9,,,,,,False,in attesa,previsione mancante: non valutabile,2026-10-04 21:30
2026_07_MIA_NYJ,2026,7,2026-10-25,2026-10-25 13:00:00,MIA,NYJ,MetLife Stadium,outdoors,False,,live,412.9,,,,,,False,in attesa,previsione mancante: non valutabile,2026-10-04 21:30
2026_07_CLE_TEN,2026,7,2026-10-25,2026-10-25 13:00:00,CLE,TEN,Nissan Stadium,outdoors,False,,live,412.9,,,,,,False,in attesa,previsione mancante: non valutabile,2026-10-04 21:30
2026_07_DEN_ARI,2026,7,2026-10-25,2026-10-25 16:05:00,DEN,ARI,State Farm Stadium,,False,,live,416.0,,,,,,False,in attesa,previsione mancante: non valutabile,2026-10-04 21:30
2026_07_KC_SEA,2026,7,2026-10-25,2026-10-25 20:20:00,KC,SEA,Lumen Field,outdoors,False,,live,420.3,,,,,,False,in attesa,previsione mancante: non valutabile,2026-10-04 21:30
2026_07_DAL_PHI,2026,7,2026-10-26,2026-10-26 20:15:00,DAL,PHI,Lincoln Financial Field,outdoors,False,,live,444.2,,,,,,False,in attesa,previsione mancante: non valutabile,2026-10-04 21:30
2026_08_CAR_GB,2026,8,2026-10-29,2026-10-29 20:15:00,CAR,GB,Lambeau Field,outdoors,False,,live,516.2,,,,,,False,in attesa,previsione mancante: non valutabile,2026-10-04 21:30
2026_08_BAL_BUF,2026,8,2026-11-01,2026-11-01 13:00:00,BAL,BUF,Highmark Stadium,outdoors,False,,live,580.9,,,,,,False,in attesa,previsione mancante: non valutabile,2026-10-04 21:30
2026_08_TEN_CIN,2026,8,2026-11-01,2026-11-01 13:00:00,TEN,CIN,Paycor Stadium,outdoors,False,,live,580.9,,,,,,False,in attesa,previsione mancante: non valutabile,2026-10-04 21:30
2026_08_ARI_DAL,2026,8,2026-11-01,2026-11-01 13:00:00,ARI,DAL,AT&T Stadium,,False,,live,580.9,,,,,,False,in attesa,previsione mancante: non valutabile,2026-10-04 21:30
2026_08_IND_JAX,2026,8,2026-11-01,2026-11-01 13:00:00,IND,JAX,EverBank Stadium,outdoors,False,,live,580.9,,,,,,False,in attesa,previsione mancante: non valutabile,2026-10-04 21:30
2026_08_LV_NYJ,2026,8,2026-11-01,2026-11-01 13:00:00,LV,NYJ,MetLife Stadium,outdoors,False,,live,580.9,,,,,,False,in attesa,previsione mancante: non valutabile,2026-10-04 21:30
2026_08_CLE_PIT,2026,8,2026-11-01,2026-11-01 13:00:00,CLE,PIT,Acrisure Stadium,outdoors,False,,live,580.9,,,,,,False,in attesa,previsione mancante: non valutabile,2026-10-04 21:30
2026_08_ATL_TB,2026,8,2026-11-01,2026-11-01 13:00:00,ATL,TB,Raymond James Stadium,outdoors,False,,live,580.9,,,,,,False,in attesa,previsione mancante: non valutabile,2026-10-04 21:30
2026_08_KC_DEN,2026,8,2026-11-01,2026-11-01 16:25:00,KC,DEN,Empower Field at Mile High,outdoors,False,,live,584.3,,,,,,False,in attesa,previsione mancante: non valutabile,2026-10-04 21:30
2026_08_NE_MIA,2026,8,2026-11-01,2026-11-01 16:25:00,NE,MIA,Hard Rock Stadium,outdoors,False,,live,584.3,,,,,,False,in attesa,previsione mancante: non valutabile,2026-10-04 21:30
2026_08_PHI_WAS,2026,8,2026-11-01,2026-11-01 20:20:00,PHI,WAS,Northwest Stadium,outdoors,False,,live,588.3,,,,,,False,in attesa,previsione mancante: non valutabile,2026-10-04 21:30
2026_08_CHI_SEA,2026,8,2026-11-02,2026-11-02 20:15:00,CHI,SEA,Lumen Field,outdoors,False,,live,612.2,,,,,,False,in attesa,previsione mancante: non valutabile,2026-10-04 21:30
2026_09_JAX_BAL,2026,9,2026-11-05,2026-11-05 20:15:00,JAX,BAL,M&T Bank Stadium,outdoors,False,,n.d.,,,,,,,False,in attesa,previsione mancante: non valutabile,2026-10-04 21:30
2026_09_CIN_ATL,2026,9,2026-11-08,2026-11-08 09:30:00,CIN,ATL,Bernabeu,,True,,n.d.,,,,,,,False,in attesa,campo neutro: fuori dal conteggio,2026-10-04 21:30
2026_09_DEN_CAR,2026,9,2026-11-08,2026-11-08 13:00:00,DEN,CAR,Bank of America Stadium,outdoors,False,,n.d.,,,,,,,False,in attesa,previsione mancante: non valutabile,2026-10-04 21:30
2026_09_DAL_IND,2026,9,2026-11-08,2026-11-08 13:00:00,DAL,IND,Lucas Oil Stadium,,False,,live,748.9,,,,,,False,in attesa,previsione mancante: non valutabile,2026-10-04 21:30
2026_09_NYJ_KC,2026,9,2026-11-08,2026-11-08 13:00:00,NYJ,KC,GEHA Field at Arrowhead Stadium,outdoors,False,,live,748.9,,,,,,False,in attesa,previsione mancante: non valutabile,2026-10-04 21:30
2026_09_DET_MIA,2026,9,2026-11-08,2026-11-08 13:00:00,DET,MIA,Hard Rock Stadium,outdoors,False,,live,748.9,,,,,,False,in attesa,previsione mancante: non valutabile,2026-10-04 21:30
2026_09_NYG_PHI,2026,9,2026-11-08,2026-11-08 13:00:00,NYG,PHI,Lincoln Financial Field,outdoors,False,,live,748.9,,,,,,False,in attesa,previsione mancante: non valutabile,2026-10-04 21:30
2026_09_LA_WAS,2026,9,2026-11-08,2026-11-08 13:00:00,LA,WAS,Northwest Stadium,outdoors,False,,live,748.9,,,,,,False,in attesa,previsione mancante: non valutabile,2026-10-04 21:30
2026_09_LV_SF,2026,9,2026-11-08,2026-11-08 16:05:00,LV,SF,Levi's Stadium,outdoors,False,,live,752.0,,,,,,False,in attesa,previsione mancante: non valutabile,2026-10-04 21:30
2026_09_GB_NE,2026,9,2026-11-08,2026-11-08 16:25:00,GB,NE,Gillette Stadium,outdoors,False,,live,752.3,,,,,,False,in attesa,previsione mancante: non valutabile,2026-10-04 21:30
2026_09_ARI_SEA,2026,9,2026-11-08,2026-11-08 16:25:00,ARI,SEA,Lumen Field,outdoors,False,,live,752.3,,,,,,False,in attesa,previsione mancante: non valutabile,2026-10-04 21:30
2026_09_TB_CHI,2026,9,2026-11-08,2026-11-08 20:20:00,TB,CHI,Soldier Field,outdoors,False,,live,756.3,,,,,,False,in attesa,previsione mancante: non valutabile,2026-10-04 21:30
2026_10_WAS_NYG,2026,10,2026-11-12,2026-11-12 20:15:00,WAS,NYG,MetLife Stadium,outdoors,False,,live,852.2,,,,,,False,in attesa,previsione mancante: non valutabile,2026-10-04 21:30
2026_10_KC_ATL,2026,10,2026-11-15,2026-11-15 13:00:00,KC,ATL,Mercedes-Benz Stadium,,False,,live,916.9,,,,,,False,in attesa,previsione mancante: non valutabile,2026-10-04 21:30
2026_10_HOU_CLE,2026,10,2026-11-15,2026-11-15 13:00:00,HOU,CLE,Huntington Bank Field,outdoors,False,,live,916.9,,,,,,False,in attesa,previsione mancante: non valutabile,2026-10-04 21:30
2026_10_MIN_GB,2026,10,2026-11-15,2026-11-15 13:00:00,MIN,GB,Lambeau Field,outdoors,False,,live,916.9,,,,,,False,in attesa,previsione mancante: non valutabile,2026-10-04 21:30
2026_10_MIA_IND,2026,10,2026-11-15,2026-11-15 13:00:00,MIA,IND,Lucas Oil Stadium,,False,,live,916.9,,,,,,False,in attesa,previsione mancante: non valutabile,2026-10-04 21:30
2026_10_BUF_NYJ,2026,10,2026-11-15,2026-11-15 13:00:00,BUF,NYJ,MetLife Stadium,outdoors,False,,live,916.9,,,,,,False,in attesa,previsione mancante: non valutabile,2026-10-04 21:30
2026_10_JAX_TEN,2026,10,2026-11-15,2026-11-15 13:00:00,JAX,TEN,Nissan Stadium,outdoors,False,,live,916.9,,,,,,False,in attesa,previsione mancante: non valutabile,2026-10-04 21:30
2026_10_LA_ARI,2026,10,2026-11-15,2026-11-15 16:05:00,LA,ARI,State Farm Stadium,,False,,live,920.0,,,,,,False,in attesa,previsione mancante: non valutabile,2026-10-04 21:30
2026_10_SF_DAL,2026,10,2026-11-15,2026-11-15 16:25:00,SF,DAL,AT&T Stadium,,False,,live,920.3,,,,,,False,in attesa,previsione mancante: non valutabile,2026-10-04 21:30
2026_10_PIT_CIN,2026,10,2026-11-15,2026-11-15 20:20:00,PIT,CIN,Paycor Stadium,outdoors,False,,live,924.3,,,,,,False,in attesa,previsione mancante: non valutabile,2026-10-04 21:30
2026_10_LAC_BAL,2026,10,2026-11-16,2026-11-16 20:15:00,LAC,BAL,M&T Bank Stadium,outdoors,False,,live,948.2,,,,,,False,in attesa,previsione mancante: non valutabile,2026-10-04 21:30
2026_11_IND_HOU,2026,11,2026-11-19,2026-11-19 20:15:00,IND,HOU,Reliant Stadium,,False,,live,1020.2,,,,,,False,in attesa,previsione mancante: non valutabile,2026-10-04 21:30
2026_11_MIA_BUF,2026,11,2026-11-22,2026-11-22 13:00:00,MIA,BUF,Highmark Stadium,outdoors,False,,live,1084.9,,,,,,False,in attesa,previsione mancante: non valutabile,2026-10-04 21:30
2026_11_BAL_CAR,2026,11,2026-11-22,2026-11-22 13:00:00,BAL,CAR,Bank of America Stadium,outdoors,False,,live,1084.9,,,,,,False,in attesa,previsione mancante: non valutabile,2026-10-04 21:30
2026_11_NO_CHI,2026,11,2026-11-22,2026-11-22 13:00:00,NO,CHI,Soldier Field,outdoors,False,,live,1084.9,,,,,,False,in attesa,previsione mancante: non valutabile,2026-10-04 21:30
2026_11_TEN_DAL,2026,11,2026-11-22,2026-11-22 13:00:00,TEN,DAL,AT&T Stadium,,False,,live,1084.9,,,,,,False,in attesa,previsione mancante: non valutabile,2026-10-04 21:30
2026_11_ARI_KC,2026,11,2026-11-22,2026-11-22 13:00:00,ARI,KC,GEHA Field at Arrowhead Stadium,outdoors,False,,live,1084.9,,,,,,False,in attesa,previsione mancante: non valutabile,2026-10-04 21:30
2026_11_JAX_NYG,2026,11,2026-11-22,2026-11-22 13:00:00,JAX,NYG,MetLife Stadium,outdoors,False,,live,1084.9,,,,,,False,in attesa,previsione mancante: non valutabile,2026-10-04 21:30
2026_11_LV_DEN,2026,11,2026-11-22,2026-11-22 16:25:00,LV,DEN,Empower Field at Mile High,outdoors,False,,live,1088.3,,,,,,False,in attesa,previsione mancante: non valutabile,2026-10-04 21:30
2026_11_PIT_PHI,2026,11,2026-11-22,2026-11-22 16:25:00,PIT,PHI,Lincoln Financial Field,outdoors,False,,live,1088.3,,,,,,False,in attesa,previsione mancante: non valutabile,2026-10-04 21:30
2026_11_MIN_SF,2026,11,2026-11-22,2026-11-22 20:20:00,MIN,SF,Estadio Banorte,outdoors,True,,n.d.,,,,,,,False,in attesa,campo neutro: fuori dal conteggio,2026-10-04 21:30
2026_11_CIN_WAS,2026,11,2026-11-23,2026-11-23 20:15:00,CIN,WAS,Northwest Stadium,outdoors,False,,live,1116.2,,,,,,False,in attesa,previsione mancante: non valutabile,2026-10-04 21:30
2026_12_PHI_DAL,2026,12,2026-11-26,2026-11-26 16:30:00,PHI,DAL,AT&T Stadium,,False,,live,1184.4,,,,,,False,in attesa,previsione mancante: non valutabile,2026-10-04 21:30
2026_12_KC_BUF,2026,12,2026-11-26,2026-11-26 20:20:00,KC,BUF,Highmark Stadium,outdoors,False,,live,1188.3,,,,,,False,in attesa,previsione mancante: non valutabile,2026-10-04 21:30
2026_12_DEN_PIT,2026,12,2026-11-27,2026-11-27 15:00:00,DEN,PIT,Acrisure Stadium,outdoors,False,,live,1206.9,,,,,,False,in attesa,previsione mancante: non valutabile,2026-10-04 21:30
2026_12_BAL_HOU,2026,12,2026-11-29,2026-11-29 13:00:00,BAL,HOU,Reliant Stadium,,False,,live,1252.9,,,,,,False,in attesa,previsione mancante: non valutabile,2026-10-04 21:30
2026_12_NYG_IND,2026,12,2026-11-29,2026-11-29 13:00:00,NYG,IND,Lucas Oil Stadium,,False,,live,1252.9,,,,,,False,in attesa,previsione mancante: non valutabile,2026-10-04 21:30
2026_12_NO_CIN,2026,12,2026-11-29,2026-11-29 13:00:00,NO,CIN,Paycor Stadium,outdoors,False,,live,1252.9,,,,,,False,in attesa,previsione mancante: non valutabile,2026-10-04 21:30
2026_12_LV_CLE,2026,12,2026-11-29,2026-11-29 13:00:00,LV,CLE,Huntington Bank Field,outdoors,False,,live,1252.9,,,,,,False,in attesa,previsione mancante: non valutabile,2026-10-04 21:30
2026_12_NYJ_MIA,2026,12,2026-11-29,2026-11-29 13:00:00,NYJ,MIA,Hard Rock Stadium,outdoors,False,,live,1252.9,,,,,,False,in attesa,previsione mancante: non valutabile,2026-10-04 21:30
2026_12_TEN_JAX,2026,12,2026-11-29,2026-11-29 16:05:00,TEN,JAX,EverBank Stadium,outdoors,False,,live,1256.0,,,,,,False,in attesa,previsione mancante: non valutabile,2026-10-04 21:30
2026_12_WAS_ARI,2026,12,2026-11-29,2026-11-29 16:25:00,WAS,ARI,State Farm Stadium,,False,,live,1256.3,,,,,,False,in attesa,previsione mancante: non valutabile,2026-10-04 21:30
2026_12_SEA_SF,2026,12,2026-11-29,2026-11-29 16:25:00,SEA,SF,Levi's Stadium,outdoors,False,,live,1256.3,,,,,,False,in attesa,previsione mancante: non valutabile,2026-10-04 21:30
2026_12_CAR_TB,2026,12,2026-11-30,2026-11-30 20:15:00,CAR,TB,Raymond James Stadium,outdoors,False,,live,1284.2,,,,,,False,in attesa,previsione mancante: non valutabile,2026-10-04 21:30
2026_13_DET_ATL,2026,13,2026-12-06,2026-12-06 13:00:00,DET,ATL,Mercedes-Benz Stadium,,False,,live,1420.9,,,,,,False,in attesa,previsione mancante: non valutabile,2026-10-04 21:30
2026_13_JAX_CHI,2026,13,2026-12-06,2026-12-06 13:00:00,JAX,CHI,Soldier Field,outdoors,False,,live,1420.9,,,,,,False,in attesa,previsione mancante: non valutabile,2026-10-04 21:30
2026_13_CIN_CLE,2026,13,2026-12-06,2026-12-06 13:00:00,CIN,CLE,Huntington Bank Field,outdoors,False,,live,1420.9,,,,,,False,in attesa,previsione mancante: non valutabile,2026-10-04 21:30
2026_13_SF_NYG,2026,13,2026-12-06,2026-12-06 13:00:00,SF,NYG,MetLife Stadium,outdoors,False,,live,1420.9,,,,,,False,in attesa,previsione mancante: non valutabile,2026-10-04 21:30
2026_13_LAC_TB,2026,13,2026-12-06,2026-12-06 13:00:00,LAC,TB,Raymond James Stadium,outdoors,False,,live,1420.9,,,,,,False,in attesa,previsione mancante: non valutabile,2026-10-04 21:30
2026_13_WAS_TEN,2026,13,2026-12-06,2026-12-06 13:00:00,WAS,TEN,Nissan Stadium,outdoors,False,,live,1420.9,,,,,,False,in attesa,previsione mancante: non valutabile,2026-10-04 21:30
2026_13_PHI_ARI,2026,13,2026-12-06,2026-12-06 16:05:00,PHI,ARI,State Farm Stadium,,False,,live,1424.0,,,,,,False,in attesa,previsione mancante: non valutabile,2026-10-04 21:30
2026_13_MIA_DEN,2026,13,2026-12-06,2026-12-06 16:05:00,MIA,DEN,Empower Field at Mile High,outdoors,False,,live,1424.0,,,,,,False,in attesa,previsione mancante: non valutabile,2026-10-04 21:30
2026_13_BUF_NE,2026,13,2026-12-06,2026-12-06 16:25:00,BUF,NE,Gillette Stadium,outdoors,False,,live,1424.3,,,,,,False,in attesa,previsione mancante: non valutabile,2026-10-04 21:30
2026_13_HOU_PIT,2026,13,2026-12-06,2026-12-06 20:20:00,HOU,PIT,Acrisure Stadium,outdoors,False,,live,1428.3,,,,,,False,in attesa,previsione mancante: non valutabile,2026-10-04 21:30
2026_13_DAL_SEA,2026,13,2026-12-07,2026-12-07 20:15:00,DAL,SEA,Lumen Field,outdoors,False,,live,1452.2,,,,,,False,in attesa,previsione mancante: non valutabile,2026-10-04 21:30
2026_14_MIN_NE,2026,14,2026-12-10,2026-12-10 20:15:00,MIN,NE,Gillette Stadium,outdoors,False,,live,1524.2,,,,,,False,in attesa,previsione mancante: non valutabile,2026-10-04 21:30
2026_14_TB_BAL,2026,14,2026-12-13,2026-12-13 13:00:00,TB,BAL,M&T Bank Stadium,outdoors,False,,live,1588.9,,,,,,False,in attesa,previsione mancante: non valutabile,2026-10-04 21:30
2026_14_NO_CAR,2026,14,2026-12-13,2026-12-13 13:00:00,NO,CAR,Bank of America Stadium,outdoors,False,,live,1588.9,,,,,,False,in attesa,previsione mancante: non valutabile,2026-10-04 21:30
2026_14_ATL_CLE,2026,14,2026-12-13,2026-12-13 13:00:00,ATL,CLE,Huntington Bank Field,outdoors,False,,live,1588.9,,,,,,False,in attesa,previsione mancante: non valutabile,2026-10-04 21:30
2026_14_CHI_MIA,2026,14,2026-12-13,2026-12-13 13:00:00,CHI,MIA,Hard Rock Stadium,outdoors,False,,live,1588.9,,,,,,False,in attesa,previsione mancante: non valutabile,2026-10-04 21:30
2026_14_DEN_NYJ,2026,14,2026-12-13,2026-12-13 13:00:00,DEN,NYJ,MetLife Stadium,outdoors,False,,live,1588.9,,,,,,False,in attesa,previsione mancante: non valutabile,2026-10-04 21:30
2026_14_IND_PHI,2026,14,2026-12-13,2026-12-13 13:00:00,IND,PHI,Lincoln Financial Field,outdoors,False,,live,1588.9,,,,,,False,in attesa,previsione mancante: non valutabile,2026-10-04 21:30
2026_14_HOU_WAS,2026,14,2026-12-13,2026-12-13 13:00:00,HOU,WAS,Northwest Stadium,outdoors,False,,live,1588.9,,,,,,False,in attesa,previsione mancante: non valutabile,2026-10-04 21:30
2026_14_KC_CIN,2026,14,2026-12-13,2026-12-13 16:25:00,KC,CIN,Paycor Stadium,outdoors,False,,live,1592.3,,,,,,False,in attesa,previsione mancante: non valutabile,2026-10-04 21:30
2026_14_NYG_SEA,2026,14,2026-12-13,2026-12-13 16:25:00,NYG,SEA,Lumen Field,outdoors,False,,live,1592.3,,,,,,False,in attesa,previsione mancante: non valutabile,2026-10-04 21:30
2026_14_LA_SF,2026,14,2026-12-13,2026-12-13 16:25:00,LA,SF,Levi's Stadium,outdoors,False,,live,1592.3,,,,,,False,in attesa,previsione mancante: non valutabile,2026-10-04 21:30
2026_14_BUF_GB,2026,14,2026-12-13,2026-12-13 20:20:00,BUF,GB,Lambeau Field,outdoors,False,,live,1596.3,,,,,,False,in attesa,previsione mancante: non valutabile,2026-10-04 21:30
2026_14_PIT_JAX,2026,14,2026-12-14,2026-12-14 20:15:00,PIT,JAX,EverBank Stadium,outdoors,False,,live,1620.2,,,,,,False,in attesa,previsione mancante: non valutabile,2026-10-04 21:30
2026_15_SEA_PHI,2026,15,2026-12-19,2026-12-19 17:00:00,SEA,PHI,Lincoln Financial Field,outdoors,False,,live,1736.9,,,,,,False,in attesa,previsione mancante: non valutabile,2026-10-04 21:30
2026_15_CHI_BUF,2026,15,2026-12-19,2026-12-19 20:20:00,CHI,BUF,Highmark Stadium,outdoors,False,,live,1740.3,,,,,,False,in attesa,previsione mancante: non valutabile,2026-10-04 21:30
2026_15_CIN_CAR,2026,15,2026-12-20,2026-12-20 13:00:00,CIN,CAR,Bank of America Stadium,outdoors,False,,live,1756.9,,,,,,False,in attesa,previsione mancante: non valutabile,2026-10-04 21:30
2026_15_MIA_GB,2026,15,2026-12-20,2026-12-20 13:00:00,MIA,GB,Lambeau Field,outdoors,False,,live,1756.9,,,,,,False,in attesa,previsione mancante: non valutabile,2026-10-04 21:30
2026_15_JAX_HOU,2026,15,2026-12-20,2026-12-20 13:00:00,JAX,HOU,Reliant Stadium,,False,,live,1756.9,,,,,,False,in attesa,previsione mancante: non valutabile,2026-10-04 21:30
2026_15_CLE_NYG,2026,15,2026-12-20,2026-12-20 13:00:00,CLE,NYG,MetLife Stadium,outdoors,False,,live,1756.9,,,,,,False,in attesa,previsione mancante: non valutabile,2026-10-04 21:30
2026_15_BAL_PIT,2026,15,2026-12-20,2026-12-20 13:00:00,BAL,PIT,Acrisure Stadium,outdoors,False,,live,1756.9,,,,,,False,in attesa,previsione mancante: non valutabile,2026-10-04 21:30
2026_15_NO_TB,2026,15,2026-12-20,2026-12-20 13:00:00,NO,TB,Raymond James Stadium,outdoors,False,,live,1756.9,,,,,,False,in attesa,previsione mancante: non valutabile,2026-10-04 21:30
2026_15_IND_TEN,2026,15,2026-12-20,2026-12-20 13:00:00,IND,TEN,Nissan Stadium,outdoors,False,,live,1756.9,,,,,,False,in attesa,previsione mancante: non valutabile,2026-10-04 21:30
2026_15_ATL_WAS,2026,15,2026-12-20,2026-12-20 13:00:00,ATL,WAS,Northwest Stadium,outdoors,False,,live,1756.9,,,,,,False,in attesa,previsione mancante: non valutabile,2026-10-04 21:30
2026_15_NYJ_ARI,2026,15,2026-12-20,2026-12-20 16:05:00,NYJ,ARI,State Farm Stadium,,False,,live,1760.0,,,,,,False,in attesa,previsione mancante: non valutabile,2026-10-04 21:30
2026_15_NE_KC,2026,15,2026-12-21,2026-12-21 20:15:00,NE,KC,GEHA Field at Arrowhead Stadium,outdoors,False,,live,1788.2,,,,,,False,in attesa,previsione mancante: non valutabile,2026-10-04 21:30
2026_16_HOU_PHI,2026,16,2026-12-24,2026-12-24 20:15:00,HOU,PHI,Lincoln Financial Field,outdoors,False,,live,1860.2,,,,,,False,in attesa,previsione mancante: non valutabile,2026-10-04 21:30
2026_16_GB_CHI,2026,16,2026-12-25,2026-12-25 13:00:00,GB,CHI,Soldier Field,outdoors,False,,live,1876.9,,,,,,False,in attesa,previsione mancante: non valutabile,2026-10-04 21:30
2026_16_BUF_DEN,2026,16,2026-12-25,2026-12-25 16:30:00,BUF,DEN,Empower Field at Mile High,outdoors,False,,live,1880.4,,,,,,False,in attesa,previsione mancante: non valutabile,2026-10-04 21:30
2026_16_LA_SEA,2026,16,2026-12-25,2026-12-25 20:15:00,LA,SEA,Lumen Field,outdoors,False,,live,1884.2,,,,,,False,in attesa,previsione mancante: non valutabile,2026-10-04 21:30
2026_16_TB_ATL,2026,16,2026-12-27,2026-12-27 13:00:00,TB,ATL,Mercedes-Benz Stadium,,False,,live,1924.9,,,,,,False,in attesa,previsione mancante: non valutabile,2026-10-04 21:30
2026_16_CLE_BAL,2026,16,2026-12-27,2026-12-27 13:00:00,CLE,BAL,M&T Bank Stadium,outdoors,False,,live,1924.9,,,,,,False,in attesa,previsione mancante: non valutabile,2026-10-04 21:30
2026_16_CIN_IND,2026,16,2026-12-27,2026-12-27 13:00:00,CIN,IND,Lucas Oil Stadium,,False,,live,1924.9,,,,,,False,in attesa,previsione mancante: non valutabile,2026-10-04 21:30
2026_16_LAC_MIA,2026,16,2026-12-27,2026-12-27 13:00:00,LAC,MIA,Hard Rock Stadium,outdoors,False,,live,1924.9,,,,,,False,in attesa,previsione mancante: non valutabile,2026-10-04 21:30
2026_16_NE_NYJ,2026,16,2026-12-27,2026-12-27 13:00:00,NE,NYJ,MetLife Stadium,outdoors,False,,live,1924.9,,,,,,False,in attesa,previsione mancante: non valutabile,2026-10-04 21:30
2026_16_CAR_PIT,2026,16,2026-12-27,2026-12-27 13:00:00,CAR,PIT,Acrisure Stadium,outdoors,False,,live,1924.9,,,,,,False,in attesa,previsione mancante: non valutabile,2026-10-04 21:30
2026_16_SF_KC,2026,16,2026-12-27,2026-12-27 16:25:00,SF,KC,GEHA Field at Arrowhead Stadium,outdoors,False,,live,1928.3,,,,,,False,in attesa,previsione mancante: non valutabile,2026-10-04 21:30
2026_16_JAX_DAL,2026,16,2026-12-27,2026-12-27 20:20:00,JAX,DAL,AT&T Stadium,,False,,live,1932.3,,,,,,False,in attesa,previsione mancante: non valutabile,2026-10-04 21:30
2026_17_BAL_CIN,2026,17,2026-12-31,2026-12-31 20:15:00,BAL,CIN,Paycor Stadium,outdoors,False,,live,2028.2,,,,,,False,in attesa,previsione mancante: non valutabile,2026-10-04 21:30
2026_17_WAS_JAX,2026,17,2027-01-03,2027-01-03 13:00:00,WAS,JAX,EverBank Stadium,outdoors,False,,live,2092.9,,,,,,False,in attesa,previsione mancante: non valutabile,2026-10-04 21:30
2026_17_SEA_CAR,2026,17,2027-01-03,2027-01-03 13:00:00,SEA,CAR,Bank of America Stadium,outdoors,False,,live,2092.9,,,,,,False,in attesa,previsione mancante: non valutabile,2026-10-04 21:30
2026_17_IND_CLE,2026,17,2027-01-03,2027-01-03 13:00:00,IND,CLE,Huntington Bank Field,outdoors,False,,live,2092.9,,,,,,False,in attesa,previsione mancante: non valutabile,2026-10-04 21:30
2026_17_NYG_DAL,2026,17,2027-01-03,2027-01-03 13:00:00,NYG,DAL,AT&T Stadium,,False,,live,2092.9,,,,,,False,in attesa,previsione mancante: non valutabile,2026-10-04 21:30
2026_17_NO_ATL,2026,17,2027-01-03,2027-01-03 13:00:00,NO,ATL,Mercedes-Benz Stadium,,False,,live,2092.9,,,,,,False,in attesa,previsione mancante: non valutabile,2026-10-04 21:30
2026_17_PIT_TEN,2026,17,2027-01-03,2027-01-03 13:00:00,PIT,TEN,Nissan Stadium,outdoors,False,,live,2092.9,,,,,,False,in attesa,previsione mancante: non valutabile,2026-10-04 21:30
2026_17_DEN_NE,2026,17,2027-01-03,2027-01-03 13:00:00,DEN,NE,Gillette Stadium,outdoors,False,,live,2092.9,,,,,,False,in attesa,previsione mancante: non valutabile,2026-10-04 21:30
2026_17_MIN_NYJ,2026,17,2027-01-03,2027-01-03 13:00:00,MIN,NYJ,MetLife Stadium,outdoors,False,,live,2092.9,,,,,,False,in attesa,previsione mancante: non valutabile,2026-10-04 21:30
2026_17_LA_TB,2026,17,2027-01-03,2027-01-03 13:00:00,LA,TB,Raymond James Stadium,outdoors,False,,live,2092.9,,,,,,False,in attesa,previsione mancante: non valutabile,2026-10-04 21:30
2026_17_BUF_MIA,2026,17,2027-01-03,2027-01-03 13:00:00,BUF,MIA,Hard Rock Stadium,outdoors,False,,live,2092.9,,,,,,False,in attesa,previsione mancante: non valutabile,2026-10-04 21:30
2026_17_LV_ARI,2026,17,2027-01-03,2027-01-03 16:05:00,LV,ARI,State Farm Stadium,,False,,live,2096.0,,,,,,False,in attesa,previsione mancante: non valutabile,2026-10-04 21:30
2026_17_DET_CHI,2026,17,2027-01-03,2027-01-03 16:25:00,DET,CHI,Soldier Field,outdoors,False,,live,2096.3,,,,,,False,in attesa,previsione mancante: non valutabile,2026-10-04 21:30
2026_17_PHI_SF,2026,17,2027-01-03,2027-01-03 20:20:00,PHI,SF,Levi's Stadium,outdoors,False,,live,2100.3,,,,,,False,in attesa,previsione mancante: non valutabile,2026-10-04 21:30
2026_17_HOU_GB,2026,17,2027-01-04,2027-01-04 20:15:00,HOU,GB,Lambeau Field,outdoors,False,,live,2124.2,,,,,,False,in attesa,previsione mancante: non valutabile,2026-10-04 21:30
2026_18_PHI_NYG,2026,18,2027-01-10,2027-01-10 13:00:00,PHI,NYG,MetLife Stadium,outdoors,False,,live,2260.9,,,,,,False,in attesa,previsione mancante: non valutabile,2026-10-04 21:30
2026_18_SF_ARI,2026,18,2027-01-10,2027-01-10 13:00:00,SF,ARI,State Farm Stadium,,False,,live,2260.9,,,,,,False,in attesa,previsione mancante: non valutabile,2026-10-04 21:30
2026_18_PIT_BAL,2026,18,2027-01-10,2027-01-10 13:00:00,PIT,BAL,M&T Bank Stadium,outdoors,False,,live,2260.9,,,,,,False,in attesa,previsione mancante: non valutabile,2026-10-04 21:30
2026_18_ATL_CAR,2026,18,2027-01-10,2027-01-10 13:00:00,ATL,CAR,Bank of America Stadium,outdoors,False,,live,2260.9,,,,,,False,in attesa,previsione mancante: non valutabile,2026-10-04 21:30
2026_18_CLE_CIN,2026,18,2027-01-10,2027-01-10 13:00:00,CLE,CIN,Paycor Stadium,outdoors,False,,live,2260.9,,,,,,False,in attesa,previsione mancante: non valutabile,2026-10-04 21:30
2026_18_JAX_IND,2026,18,2027-01-10,2027-01-10 13:00:00,JAX,IND,Lucas Oil Stadium,,False,,live,2260.9,,,,,,False,in attesa,previsione mancante: non valutabile,2026-10-04 21:30
2026_18_DET_GB,2026,18,2027-01-10,2027-01-10 13:00:00,DET,GB,Lambeau Field,outdoors,False,,live,2260.9,,,,,,False,in attesa,previsione mancante: non valutabile,2026-10-04 21:30
2026_18_TEN_HOU,2026,18,2027-01-10,2027-01-10 13:00:00,TEN,HOU,Reliant Stadium,,False,,live,2260.9,,,,,,False,in attesa,previsione mancante: non valutabile,2026-10-04 21:30
2026_18_LV_KC,2026,18,2027-01-10,2027-01-10 13:00:00,LV,KC,GEHA Field at Arrowhead Stadium,outdoors,False,,live,2260.9,,,,,,False,in attesa,previsione mancante: non valutabile,2026-10-04 21:30
2026_18_MIA_NE,2026,18,2027-01-10,2027-01-10 13:00:00,MIA,NE,Gillette Stadium,outdoors,False,,live,2260.9,,,,,,False,in attesa,previsione mancante: non valutabile,2026-10-04 21:30
2026_18_LAC_DEN,2026,18,2027-01-10,2027-01-10 13:00:00,LAC,DEN,Empower Field at Mile High,outdoors,False,,live,2260.9,,,,,,False,in attesa,previsione mancante: non valutabile,2026-10-04 21:30
2026_18_NYJ_BUF,2026,18,2027-01-10,2027-01-10 13:00:00,NYJ,BUF,Highmark Stadium,outdoors,False,,live,2260.9,,,,,,False,in attesa,previsione mancante: non valutabile,2026-10-04 21:30
2026_18_DAL_WAS,2026,18,2027-01-10,2027-01-10 13:00:00,DAL,WAS,Northwest Stadium,outdoors,False,,live,2260.9,,,,,,False,in attesa,previsione mancante: non valutabile,2026-10-04 21:30
